min, s, 60.000000
hour, min, 60.000000
s, ms, 1000.000000
s, μs, 1000000.000000
s, ns, 1000000000.000000
s, ps, 1000000000000.000000
s, fs, 1000000000000000.000000
Hz, kHz, 0.001000
Hz, MHz, 0.000001
Hz, GHz, 0.000000
Hz, THz, 0.000000
m, Tm, 0.000000
m, Gm, 0.000000
m, Mm, 0.000001
m, km, 0.000100
m, mm, 1000.000000
m, μm, 1000000.000000
m, nm, 1000000000.000000
m, pm, 1000000000000.000000
m, fm, 1000000000000000.000000
m, Å, 10000000000.000000
a_{0}, Å, 0.529177
m, cm, 100.000000
in, cm, 2.540000
eV, J, 0.000000
Ry, eV, 13.605693
Ha, J, 0.000000
Ha, eV, 27.211386
Ha, Ry, 2.000000
cal, J, 4.186800
kcal, cal, 1000.000000
erg, J, 0.000000
keV, eV, 1000.000000
MeV, eV, 1000000.000000
GeV, eV, 1000000000.000000
TeV, eV, 1000000000000.000000
kJ, J, 1000.000000
MJ, J, 1000000.000000
GJ, J, 1000000000.000000
TJ, J, 1000000000000.000000
kWh, J, 3600000.000000
Btu, J, 1055.060000
kWh, Wh, 1000.000000
cm^{-1}, eV, 0.000124
kg, g, 1000.000000
uma, kg, 0.000000
g, mg, 1000.000000
g, μg, 1000000.000000
g, ng, 1000000000.000000
T, G, 10000.000000
kT, T, 1000.000000
T, μT, 1000000.000000
T, mT, 1000.000000
T, nT, 1000000000.000000
G, mG, 1000.000000
G, μG, 1000000.000000
kG, G, 1000.000000
MG, G, 1000000.000000
keV, TeV, 0.000000
TeV, keV, 1000000000.000000
keV, kWh, 0.000000
kWh, keV, 22469441559479109812224.000000
keV, J, 0.000000
J, keV, 6241511544299752.000000
keV, Ry, 73.498644
Ry, keV, 0.013606
keV, cm^{-1}, 8065543.939509
cm^{-1}, keV, 0.000000
keV, Wh, 0.000000
Wh, keV, 22469441559479107584.000000
keV, kcal, 0.000000
kcal, keV, 26131960533674201088.000000
keV, GeV, 0.000001
GeV, keV, 1000000.000000
keV, kJ, 0.000000
kJ, keV, 6241511544299752448.000000
keV, MeV, 0.001000
MeV, keV, 1000.000000
keV, Ha, 36.749323
Ha, keV, 0.027211
keV, GJ, 0.000000
GJ, keV, 6241511544299751655604224.000000
keV, cal, 0.000000
cal, keV, 26131960533674200.000000
keV, erg, 0.000000
erg, keV, 624151154.429975
keV, MJ, 0.000000
MJ, keV, 6241511544299752259584.000000
keV, Btu, 0.000000
Btu, keV, 6585169169928895488.000000
eV, keV, 0.001000
keV, TJ, 0.000000
TJ, keV, 6241511544299752308439252992.000000
Å, Tm, 0.000000
Tm, Å, 10000000000000000000000.000000
Å, Mm, 0.000000
Mm, Å, 10000000000000000.000000
Å, Gm, 0.000000
Gm, Å, 10000000000000000000.000000
Å, km, 0.000000
km, Å, 99999999999999.984375
Å, cm, 0.000000
cm, Å, 100000000.000000
Å, nm, 0.100000
nm, Å, 10.000000
Å, pm, 100.000000
pm, Å, 0.010000
Å, in, 0.000000
in, Å, 254000000.000000
Å, a_{0}, 1.889726
Å, μm, 0.000100
μm, Å, 10000.000000
Å, m, 0.000000
Å, mm, 0.000000
mm, Å, 10000000.000000
Å, fm, 100000.000000
fm, Å, 0.000010
μg, mg, 0.001000
mg, μg, 1000.000000
μg, g, 0.000001
μg, ng, 1000.000000
ng, μg, 0.001000
μg, kg, 0.000000
kg, μg, 1000000000.000000
μg, uma, 602214100361388800.000000
uma, μg, 0.000000
Tm, Mm, 1000000.000000
Mm, Tm, 0.000001
Tm, Gm, 1000.000000
Gm, Tm, 0.001000
Tm, km, 100000000.000000
km, Tm, 0.000000
Tm, cm, 100000000000000.000000
cm, Tm, 0.000000
Tm, nm, 1000000000000000000000.000000
nm, Tm, 0.000000
Tm, pm, 999999999999999983222784.000000
pm, Tm, 0.000000
Tm, in, 39370078740157.476562
in, Tm, 0.000000
Tm, a_{0}, 18897261246364830924800.000000
a_{0}, Tm, 0.000000
Tm, μm, 1000000000000000000.000000
μm, Tm, 0.000000
Tm, m, 1000000000000.000000
Tm, mm, 1000000000000000.000000
mm, Tm, 0.000000
Tm, fm, 1000000000000000013287555072.000000
fm, Tm, 0.000000
GHz, THz, 0.001000
THz, GHz, 1000.000000
GHz, Hz, 1000000000.000000
GHz, kHz, 1000000.000000
kHz, GHz, 0.000001
GHz, MHz, 1000.000000
MHz, GHz, 0.001000
nT, mT, 0.000001
mT, nT, 1000000.000000
nT, μG, 10.000000
μG, nT, 0.100000
nT, T, 0.000000
nT, mG, 0.010000
mG, nT, 100.000000
nT, kG, 0.000000
kG, nT, 100000000.000000
nT, μT, 0.001000
μT, nT, 1000.000000
nT, kT, 0.000000
kT, nT, 1000000000000.000000
nT, G, 0.000010
G, nT, 100000.000000
nT, MG, 0.000000
MG, nT, 100000000000.000000
mg, g, 0.001000
mg, ng, 1000000.000000
ng, mg, 0.000001
mg, kg, 0.000001
kg, mg, 1000000.000000
mg, uma, 602214100361388621824.000000
uma, mg, 0.000000
ng, g, 0.000000
g, kg, 0.001000
g, uma, 602214100361388692078592.000000
uma, g, 0.000000
mT, μG, 10000000.000000
μG, mT, 0.000000
mT, T, 0.001000
mT, mG, 10000.000000
mG, mT, 0.000100
mT, kG, 0.010000
kG, mT, 100.000000
mT, μT, 1000.000000
μT, mT, 0.001000
mT, kT, 0.000001
kT, mT, 1000000.000000
mT, G, 10.000000
G, mT, 0.100000
mT, MG, 0.000010
MG, mT, 100000.000000
s, min, 0.016667
ps, s, 0.000000
fs, s, 0.000000
ms, s, 0.001000
s, hour, 0.000278
hour, s, 3600.000000
ns, s, 0.000000
μs, s, 0.000001
min, ps, 60000000000000.000000
ps, min, 0.000000
min, fs, 60000000000000000.000000
fs, min, 0.000000
min, ms, 60000.000000
ms, min, 0.000017
min, hour, 0.016667
min, ns, 60000000000.000000
ns, min, 0.000000
min, μs, 60000000.000000
μs, min, 0.000000
THz, Hz, 1000000000000.000000
THz, kHz, 1000000000.000000
kHz, THz, 0.000000
THz, MHz, 1000000.000000
MHz, THz, 0.000001
ng, kg, 0.000000
kg, ng, 999999999999.999878
ng, uma, 602214100361388.875000
uma, ng, 0.000000
kg, uma, 602214100361388709795332096.000000
TeV, kWh, 0.000000
kWh, TeV, 22469441559479.109375
TeV, J, 0.000000
J, TeV, 6241511.544300
TeV, Ry, 73498644356.679611
Ry, TeV, 0.000000
TeV, cm^{-1}, 8065543939508987.000000
cm^{-1}, TeV, 0.000000
TeV, Wh, 0.000000
Wh, TeV, 22469441559.479111
TeV, kcal, 0.000000
kcal, TeV, 26131960533.674198
TeV, GeV, 1000.000000
GeV, TeV, 0.001000
TeV, kJ, 0.000000
kJ, TeV, 6241511544.299751
TeV, MeV, 1000000.000000
MeV, TeV, 0.000001
TeV, Ha, 36749322507.864906
Ha, TeV, 0.000000
TeV, GJ, 0.000000
GJ, TeV, 6241511544299751.000000
TeV, cal, 0.000000
cal, TeV, 26131960.533674
TeV, erg, 1.602176
erg, TeV, 0.624151
TeV, MJ, 0.000000
MJ, TeV, 6241511544299.751953
TeV, Btu, 0.000000
Btu, TeV, 6585169169.928896
eV, TeV, 0.000000
TeV, TJ, 0.000000
TJ, TeV, 6241511544299752448.000000
ps, fs, 1000.000000
fs, ps, 0.001000
ps, ms, 0.000000
ms, ps, 1000000000.000000
ps, hour, 0.000000
hour, ps, 3599999999999999.500000
ps, ns, 0.001000
ns, ps, 1000.000000
ps, μs, 0.000001
μs, ps, 1000000.000000
fs, ms, 0.000000
ms, fs, 1000000000000.000000
fs, hour, 0.000000
hour, fs, 3600000000000000000.000000
fs, ns, 0.000001
ns, fs, 1000000.000000
fs, μs, 0.000000
μs, fs, 1000000000.000000
Mm, Gm, 0.001000
Gm, Mm, 1000.000000
Mm, km, 100.000000
km, Mm, 0.010000
Mm, cm, 100000000.000000
cm, Mm, 0.000000
Mm, nm, 1000000000000000.000000
nm, Mm, 0.000000
Mm, pm, 1000000000000000000.000000
pm, Mm, 0.000000
Mm, in, 39370078.740157
in, Mm, 0.000000
Mm, a_{0}, 18897261246364832.000000
a_{0}, Mm, 0.000000
Mm, μm, 1000000000000.000000
μm, Mm, 0.000000
Mm, m, 1000000.000000
Mm, mm, 1000000000.000000
mm, Mm, 0.000000
Mm, fm, 1000000000000000000000.000000
fm, Mm, 0.000000
J, kWh, 0.000000
kWh, Ry, 1651473494073351587495936.000000
Ry, kWh, 0.000000
kWh, cm^{-1}, 181228268194208100179196772352.000000
cm^{-1}, kWh, 0.000000
Wh, kWh, 0.001000
kWh, kcal, 859.845228
kcal, kWh, 0.001163
kWh, GeV, 22469441559479108.000000
GeV, kWh, 0.000000
kWh, kJ, 3600.000000
kJ, kWh, 0.000278
kWh, MeV, 22469441559479107584.000000
MeV, kWh, 0.000000
kWh, Ha, 825736420261901757317120.000000
Ha, kWh, 0.000000
kWh, GJ, 0.003600
GJ, kWh, 277.777778
kWh, cal, 859845.227859
cal, kWh, 0.000001
kWh, erg, 36000000000000.000000
erg, kWh, 0.000000
kWh, MJ, 3.600000
MJ, kWh, 0.277778
kWh, Btu, 3412.128220
Btu, kWh, 0.000293
kWh, eV, 22469441559479108537155584.000000
eV, kWh, 0.000000
kWh, TJ, 0.000004
TJ, kWh, 277777.777778
J, Ry, 458742637242597696.000000
Ry, J, 0.000000
J, cm^{-1}, 50341185609502249975808.000000
cm^{-1}, J, 0.000000
J, Wh, 0.000278
Wh, J, 3600.000000
J, kcal, 0.000239
kcal, J, 4186.800000
J, GeV, 6241511544.299753
GeV, J, 0.000000
J, kJ, 0.001000
J, MeV, 6241511544299.751953
MeV, J, 0.000000
J, Ha, 229371227850528256.000000
J, GJ, 0.000000
J, cal, 0.238846
J, erg, 10000000.000000
J, MJ, 0.000001
J, Btu, 0.000948
J, eV, 6241511544299752448.000000
J, TJ, 0.000000
μG, T, 0.000000
T, μG, 10000000000.000000
μG, mG, 0.001000
mG, μG, 1000.000000
μG, kG, 0.000000
kG, μG, 1000000000.000000
μG, μT, 0.000100
μT, μG, 10000.000000
μG, kT, 0.000000
kT, μG, 10000000000000.000000
μG, G, 0.000001
μG, MG, 0.000000
MG, μG, 1000000000000.000000
Ry, cm^{-1}, 109737.315703
cm^{-1}, Ry, 0.000009
Ry, Wh, 0.000000
Wh, Ry, 1651473494073351602176.000000
Ry, kcal, 0.000000
kcal, Ry, 1920663673607307657216.000000
Ry, GeV, 0.000000
GeV, Ry, 73498644.356680
Ry, kJ, 0.000000
kJ, Ry, 458742637242597703680.000000
Ry, MeV, 0.000014
MeV, Ry, 73498.644357
Ry, Ha, 0.500000
Ry, GJ, 0.000000
GJ, Ry, 458742637242597633605763072.000000
Ry, cal, 0.000000
cal, Ry, 1920663673607307776.000000
Ry, erg, 0.000000
erg, Ry, 45874263724.259766
Ry, MJ, 0.000000
MJ, Ry, 458742637242597670649856.000000
Ry, Btu, 0.000000
Btu, Ry, 484001006849175060480.000000
eV, Ry, 0.073499
Ry, TJ, 0.000000
TJ, Ry, 458742637242597640752588652544.000000
cm^{-1}, Wh, 0.000000
Wh, cm^{-1}, 181228268194208077364330496.000000
cm^{-1}, kcal, 0.000000
kcal, cm^{-1}, 210768475909863972980916224.000000
cm^{-1}, GeV, 0.000000
GeV, cm^{-1}, 8065543939508.987305
cm^{-1}, kJ, 0.000000
kJ, cm^{-1}, 50341185609502240849002496.000000
cm^{-1}, MeV, 0.000000
MeV, cm^{-1}, 8065543939.508987
cm^{-1}, Ha, 0.000005
Ha, cm^{-1}, 219474.629438
cm^{-1}, GJ, 0.000000
GJ, cm^{-1}, 50341185609502238681315321839616.000000
cm^{-1}, cal, 0.000000
cal, cm^{-1}, 210768475909863965196288.000000
cm^{-1}, erg, 0.000000
erg, cm^{-1}, 5034118560950225.000000
cm^{-1}, MJ, 0.000000
MJ, cm^{-1}, 50341185609502246140402204672.000000
cm^{-1}, Btu, 0.000000
Btu, cm^{-1}, 53112971289161432127504384.000000
eV, cm^{-1}, 8065.543940
cm^{-1}, TJ, 0.000000
TJ, cm^{-1}, 50341185609502248048802546770247680.000000
Gm, km, 100000.000000
km, Gm, 0.000010
Gm, cm, 99999999999.999985
cm, Gm, 0.000000
Gm, nm, 999999999999999872.000000
nm, Gm, 0.000000
Gm, pm, 999999999999999868928.000000
pm, Gm, 0.000000
Gm, in, 39370078740.157471
in, Gm, 0.000000
Gm, a_{0}, 18897261246364827648.000000
a_{0}, Gm, 0.000000
Gm, μm, 999999999999999.875000
μm, Gm, 0.000000
Gm, m, 1000000000.000000
Gm, mm, 999999999999.999878
mm, Gm, 0.000000
Gm, fm, 999999999999999849005056.000000
fm, Gm, 0.000000
km, cm, 1000000.000000
cm, km, 0.000001
km, nm, 10000000000000.000000
nm, km, 0.000000
km, pm, 10000000000000000.000000
pm, km, 0.000000
km, in, 393700.787402
in, km, 0.000003
km, a_{0}, 188972612463648.312500
a_{0}, km, 0.000000
km, μm, 10000000000.000000
μm, km, 0.000000
km, m, 10000.000000
km, mm, 10000000.000000
mm, km, 0.000000
km, fm, 10000000000000000000.000000
fm, km, 0.000000
kHz, Hz, 1000.000000
MHz, Hz, 1000000.000000
ms, hour, 0.000000
hour, ms, 3600000.000000
ms, ns, 1000000.000000
ns, ms, 0.000001
ms, μs, 1000.000000
μs, ms, 0.001000
Wh, kcal, 0.859845
kcal, Wh, 1.163000
Wh, GeV, 22469441559479.109375
GeV, Wh, 0.000000
Wh, kJ, 3.600000
kJ, Wh, 0.277778
Wh, MeV, 22469441559479108.000000
MeV, Wh, 0.000000
Wh, Ha, 825736420261901762560.000000
Ha, Wh, 0.000000
Wh, GJ, 0.000004
GJ, Wh, 277777.777778
Wh, cal, 859.845228
cal, Wh, 0.001163
Wh, erg, 36000000000.000000
erg, Wh, 0.000000
Wh, MJ, 0.003600
MJ, Wh, 277.777778
Wh, Btu, 3.412128
Btu, Wh, 0.293072
Wh, eV, 22469441559479109812224.000000
eV, Wh, 0.000000
Wh, TJ, 0.000000
TJ, Wh, 277777777.777778
T, mG, 10000000.000000
mG, T, 0.000000
T, kG, 10.000000
kG, T, 0.100000
μT, T, 0.000001
T, kT, 0.001000
G, T, 0.000100
T, MG, 0.010000
MG, T, 100.000000
mG, kG, 0.000001
kG, mG, 1000000.000000
mG, μT, 0.100000
μT, mG, 10.000000
mG, kT, 0.000000
kT, mG, 10000000000.000000
mG, G, 0.001000
mG, MG, 0.000000
MG, mG, 1000000000.000000
cm, nm, 10000000.000000
nm, cm, 0.000000
cm, pm, 10000000000.000000
pm, cm, 0.000000
cm, in, 0.393701
cm, a_{0}, 188972612.463648
a_{0}, cm, 0.000000
cm, μm, 10000.000000
μm, cm, 0.000100
cm, m, 0.010000
cm, mm, 10.000000
mm, cm, 0.100000
cm, fm, 10000000000000.000000
fm, cm, 0.000000
kcal, GeV, 26131960533674.207031
GeV, kcal, 0.000000
kcal, kJ, 4.186800
kJ, kcal, 0.238846
kcal, MeV, 26131960533674204.000000
MeV, kcal, 0.000000
kcal, Ha, 960331456764591734784.000000
Ha, kcal, 0.000000
kcal, GJ, 0.000004
GJ, kcal, 238845.896627
cal, kcal, 0.001000
kcal, erg, 41868000000.000000
erg, kcal, 0.000000
kcal, MJ, 0.004187
MJ, kcal, 238.845897
kcal, Btu, 3.968305
Btu, kcal, 0.251997
kcal, eV, 26131960533674205642752.000000
eV, kcal, 0.000000
kcal, TJ, 0.000000
TJ, kcal, 238845896.627496
kHz, MHz, 0.001000
MHz, kHz, 1000.000000
GeV, kJ, 0.000000
kJ, GeV, 6241511544299.751953
GeV, MeV, 1000.000000
MeV, GeV, 0.001000
GeV, Ha, 36749322.507865
Ha, GeV, 0.000000
GeV, GJ, 0.000000
GJ, GeV, 6241511544299752448.000000
GeV, cal, 0.000000
cal, GeV, 26131960533.674202
GeV, erg, 0.001602
erg, GeV, 624.151154
GeV, MJ, 0.000000
MJ, GeV, 6241511544299753.000000
GeV, Btu, 0.000000
Btu, GeV, 6585169169928.896484
eV, GeV, 0.000000
GeV, TJ, 0.000000
TJ, GeV, 6241511544299752259584.000000
kG, μT, 100000.000000
μT, kG, 0.000010
kG, kT, 0.000100
kT, kG, 10000.000000
G, kG, 0.001000
kG, MG, 0.001000
MG, kG, 1000.000000
kJ, MeV, 6241511544299752.000000
MeV, kJ, 0.000000
kJ, Ha, 229371227850528260096.000000
Ha, kJ, 0.000000
kJ, GJ, 0.000001
GJ, kJ, 1000000.000000
kJ, cal, 238.845897
cal, kJ, 0.004187
kJ, erg, 10000000000.000000
erg, kJ, 0.000000
kJ, MJ, 0.001000
MJ, kJ, 1000.000000
kJ, Btu, 0.947813
Btu, kJ, 1.055060
kJ, eV, 6241511544299752259584.000000
eV, kJ, 0.000000
kJ, TJ, 0.000000
TJ, kJ, 1000000000.000000
MeV, Ha, 36749.322508
Ha, MeV, 0.000027
MeV, GJ, 0.000000
GJ, MeV, 6241511544299752259584.000000
MeV, cal, 0.000000
cal, MeV, 26131960533674.203125
MeV, erg, 0.000002
erg, MeV, 624151.154430
MeV, MJ, 0.000000
MJ, MeV, 6241511544299752448.000000
MeV, Btu, 0.000000
Btu, MeV, 6585169169928896.000000
eV, MeV, 0.000001
MeV, TJ, 0.000000
TJ, MeV, 6241511544299752729346048.000000
μT, kT, 0.000000
kT, μT, 1000000000.000000
μT, G, 0.010000
G, μT, 100.000000
μT, MG, 0.000000
MG, μT, 100000000.000000
nm, pm, 1000.000000
pm, nm, 0.001000
nm, in, 0.000000
in, nm, 25400000.000000
nm, a_{0}, 18.897261
a_{0}, nm, 0.052918
nm, μm, 0.001000
μm, nm, 1000.000000
nm, m, 0.000000
nm, mm, 0.000001
mm, nm, 1000000.000000
nm, fm, 1000000.000000
fm, nm, 0.000001
Ha, GJ, 0.000000
GJ, Ha, 229371227850528250113556480.000000
Ha, cal, 0.000000
cal, Ha, 960331456764591744.000000
Ha, erg, 0.000000
erg, Ha, 22937122785.052826
Ha, MJ, 0.000000
MJ, Ha, 229371227850528295747584.000000
Ha, Btu, 0.000000
Btu, Ha, 242000407655978369024.000000
eV, Ha, 0.036749
Ha, TJ, 0.000000
TJ, Ha, 229371227850528247364777410560.000000
GJ, cal, 238845896.627496
cal, GJ, 0.000000
GJ, erg, 10000000000000000.000000
erg, GJ, 0.000000
GJ, MJ, 1000.000000
MJ, GJ, 0.001000
GJ, Btu, 947813.394499
Btu, GJ, 0.000001
GJ, eV, 6241511544299752308439252992.000000
eV, GJ, 0.000000
GJ, TJ, 0.001000
TJ, GJ, 1000.000000
kT, G, 10000000.000000
G, kT, 0.000000
kT, MG, 10.000000
MG, kT, 0.100000
cal, erg, 41868000.000000
erg, cal, 0.000000
cal, MJ, 0.000004
MJ, cal, 238845.896627
cal, Btu, 0.003968
Btu, cal, 251.996752
cal, eV, 26131960533674201088.000000
eV, cal, 0.000000
cal, TJ, 0.000000
TJ, cal, 238845896627.495941
pm, in, 0.000000
in, pm, 25400000000.000000
pm, a_{0}, 0.018897
a_{0}, pm, 52.917721
pm, μm, 0.000001
μm, pm, 1000000.000000
pm, m, 0.000000
pm, mm, 0.000000
mm, pm, 1000000000.000000
pm, fm, 1000.000000
fm, pm, 0.001000
erg, MJ, 0.000000
MJ, erg, 10000000000000.000000
erg, Btu, 0.000000
Btu, erg, 10550600000.000002
erg, eV, 624151154429.975220
eV, erg, 0.000000
erg, TJ, 0.000000
TJ, erg, 10000000000000000000.000000
in, a_{0}, 479990435.657667
a_{0}, in, 0.000000
in, μm, 25400.000000
μm, in, 0.000039
in, m, 0.025400
m, in, 39.370079
in, mm, 25.400000
mm, in, 0.039370
in, fm, 25400000000000.003906
fm, in, 0.000000
a_{0}, μm, 0.000053
μm, a_{0}, 18897.261246
a_{0}, m, 0.000000
m, a_{0}, 18897261246.364830
a_{0}, mm, 0.000000
mm, a_{0}, 18897261.246365
a_{0}, fm, 52917.721090
fm, a_{0}, 0.000019
hour, ns, 3600000000000.000000
ns, hour, 0.000000
hour, μs, 3600000000.000000
μs, hour, 0.000000
G, MG, 0.000001
MJ, Btu, 947.813394
Btu, MJ, 0.001055
MJ, eV, 6241511544299752729346048.000000
eV, MJ, 0.000000
MJ, TJ, 0.000001
TJ, MJ, 1000000.000000
Btu, eV, 6585169169928896380928.000000
eV, Btu, 0.000000
Btu, TJ, 0.000000
TJ, Btu, 947813394.498891
μm, m, 0.000001
μm, mm, 0.001000
mm, μm, 1000.000000
μm, fm, 1000000000.000000
fm, μm, 0.000000
mm, m, 0.001000
fm, m, 0.000000
ns, μs, 0.001000
μs, ns, 1000.000000
mm, fm, 1000000000000.000000
fm, mm, 0.000000
eV, TJ, 0.000000
TJ, eV, 6241511544299752097333020459008.000000